,company,MAE,MSE,Accuracy,RMSE
0,AAPL,0.4394489842198696,0.390070235984507,99.15244088232868,0.624556031100899
1,AMZN,16.264886170639063,544.5300190351953,99.07517127497037,23.335167002513508
2,ADM,0.22997661041941286,0.11613639950981904,99.43953632407914,0.3407879098645065
3,GOOG,9.715731654956377,175.4140975085672,99.16883351761632,13.244398722047265
4,EBAY,0.2997151947359708,0.18377508628071976,99.11406124714775,0.42868996522046066
5,XOM,0.4291397617229655,0.3571241957586162,99.35014747559948,0.5975986912290021
6,ABT,0.5683024886475218,0.5521021808332116,99.2391817829131,0.743035787047442
