,company,MAE,MSE,Accuracy,RMSE
0,AAPL,0.7467523248072166,0.7893173253964112,[98.57902],0.8884353242619359
1,AMZN,24.155395507812504,985.9097163007801,[98.68227],31.39919929394347
2,ADM,0.4946264470289203,0.3647557850528968,[98.73611],0.6039501511324398
3,GOOG,16.626544158470818,420.8784613035961,[98.63526],20.515322598087415
4,EBAY,0.5027051625518025,0.387171389931665,[98.63832],0.6222309779588806
5,XOM,0.8249407347083703,1.019806727908152,[98.71254],1.009854805359737
6,ABT,0.9161046216935675,1.3411168858372289,[98.869446],1.1580660110016305
