,company,MAE,MSE,Accuracy,RMSE
0,SP500,17.992892344078573,611.8498087722354,99.36302172106836,24.73559800716844
