,company,MAE,MSE,Accuracy,RMSE
0,SP500,12.509071660038124,384.2966764093952,99.55415219490027,19.60348633303258
