,company,MAE,MSE,Accuracy,RMSE
0,SP500,10.167809648858414,261.28418064497504,99.64116030873458,16.164287198790273
