,company,MAE,MSE,Accuracy,RMSE
0,AAPL,0.7844048720139727,0.947311598313704,[98.445564],0.9732993364395683
1,AMZN,31.05294439853766,1732.4961035585175,[98.220695],41.62326397050714
2,ADM,0.48576085017277654,0.362796329062071,[98.80026],0.6023257665599828
3,GOOG,16.998612780448724,450.4441892109049,[98.54199],21.22367049336436
4,EBAY,0.478487401130872,0.3656158020580617,[98.56877],0.6046617253126426
5,XOM,0.8288095034085791,1.0844932511357448,[98.73614],1.0413900571523356
6,ABT,0.970071283976237,1.4392800399695909,[98.69932],1.1996999791487832
