,company,MAE,MSE,Accuracy,RMSE
0,SP500,26.542947223297222,1163.7146592751503,[99.06025],34.11326221977532
