,company,MAE,MSE,Accuracy,RMSE
0,SP500,25.455219832381967,1146.560195001941,[99.096245],33.860894775565825
