,company,MAE,MSE,Accuracy,RMSE
0,SP500,25.273164092734138,1129.5184774690567,[99.102615],33.608309649089115
