,company,MAE,MSE,Accuracy,RMSE
0,AAPL,0.7089087801625531,0.7082653753585842,[98.654915],0.8415850375087381
1,AMZN,22.984401644789024,906.8459119532771,[98.746704],30.113882379282767
2,ADM,0.490243127503371,0.3570488386391249,[98.75048],0.5975356379657408
3,GOOG,16.426312286841693,414.1445328506269,[98.651085],20.350541340481016
4,EBAY,0.49803603119051415,0.3845037892061942,[98.65427],0.6200836953236185
5,XOM,0.8056586599592028,0.9743541947925414,[98.74304],0.9870938125591414
6,ABT,0.9179410595579196,1.3789166144558067,[98.867294],1.1742728023997688
